[
    {
        "id": "atlanta",
        "name": "Atlanta",
        "country": "USA",
        "countryCode": "USA",
        "lat": 33.7550,
        "lng": -84.3900,
        "venue": "Mercedes-Benz Stadium",
        "capacity": 71000
    },
    {
        "id": "boston",
        "name": "Boston",
        "country": "USA",
        "countryCode": "USA",
        "lat": 42.0909,
        "lng": -71.2643,
        "venue": "Gillette Stadium",
        "capacity": 65878
    },
    {
        "id": "dallas",
        "name": "Dallas",
        "country": "USA",
        "countryCode": "USA",
        "lat": 32.7473,
        "lng": -97.0945,
        "venue": "AT&T Stadium",
        "capacity": 80000
    },
    {
        "id": "houston",
        "name": "Houston",
        "country": "USA",
        "countryCode": "USA",
        "lat": 29.6847,
        "lng": -95.4107,
        "venue": "NRG Stadium",
        "capacity": 72220
    },
    {
        "id": "kansas_city",
        "name": "Kansas City",
        "country": "USA",
        "countryCode": "USA",
        "lat": 39.0489,
        "lng": -94.4839,
        "venue": "Arrowhead Stadium",
        "capacity": 76416
    },
    {
        "id": "los_angeles",
        "name": "Los Angeles",
        "country": "USA",
        "countryCode": "USA",
        "lat": 33.9535,
        "lng": -118.3390,
        "venue": "SoFi Stadium",
        "capacity": 70240
    },
    {
        "id": "miami",
        "name": "Miami",
        "country": "USA",
        "countryCode": "USA",
        "lat": 25.9580,
        "lng": -80.2389,
        "venue": "Hard Rock Stadium",
        "capacity": 64767
    },
    {
        "id": "new_york",
        "name": "New York",
        "country": "USA",
        "countryCode": "USA",
        "lat": 40.8128,
        "lng": -74.0742,
        "venue": "MetLife Stadium",
        "capacity": 82500
    },
    {
        "id": "philadelphia",
        "name": "Philadelphia",
        "country": "USA",
        "countryCode": "USA",
        "lat": 39.9008,
        "lng": -75.1675,
        "venue": "Lincoln Financial Field",
        "capacity": 69176
    },
    {
        "id": "san_francisco",
        "name": "San Francisco Bay Area",
        "country": "USA",
        "countryCode": "USA",
        "lat": 37.4033,
        "lng": -121.9694,
        "venue": "Levi's Stadium",
        "capacity": 68500
    },
    {
        "id": "seattle",
        "name": "Seattle",
        "country": "USA",
        "countryCode": "USA",
        "lat": 47.5952,
        "lng": -122.3316,
        "venue": "Lumen Field",
        "capacity": 69000
    },
    {
        "id": "mexico_city",
        "name": "Mexico City",
        "country": "Mexico",
        "countryCode": "MEX",
        "lat": 19.3029,
        "lng": -99.1505,
        "venue": "Estadio Azteca",
        "capacity": 87523
    },
    {
        "id": "guadalajara",
        "name": "Guadalajara",
        "country": "Mexico",
        "countryCode": "MEX",
        "lat": 20.7020,
        "lng": -103.3918,
        "venue": "Estadio Akron",
        "capacity": 49850
    },
    {
        "id": "monterrey",
        "name": "Monterrey",
        "country": "Mexico",
        "countryCode": "MEX",
        "lat": 25.5660,
        "lng": -100.2860,
        "venue": "Estadio BBVA",
        "capacity": 53500
    },
    {
        "id": "toronto",
        "name": "Toronto",
        "country": "Canada",
        "countryCode": "CAN",
        "lat": 43.6332,
        "lng": -79.4185,
        "venue": "BMO Field",
        "capacity": 45736
    },
    {
        "id": "vancouver",
        "name": "Vancouver",
        "country": "Canada",
        "countryCode": "CAN",
        "lat": 49.2768,
        "lng": -123.1120,
        "venue": "BC Place",
        "capacity": 54500
    }
]